,galaxy,upsilon_disk,upsilon_disk_lo,upsilon_disk_hi,upsilon_bulge,upsilon_bulge_lo,upsilon_bulge_hi,a,a_lo,a_hi,b_kpc,b_kpc_lo,b_kpc_hi,chi2_reduced,n_data,acceptance_fraction
0,CamB,0.42232593269674207,0.35084598561903985,0.49618837902457613,0.6960258625308342,0.5517390848979953,0.875723632542735,9.674228493480927,0.483900100809318,613.0976251348977,28.881178381828168,0.14743077202922425,820.1219802846634,9.433953569752486,9,0.49735937500000005
1,D564-8,0.4921485711195633,0.39151807672632183,0.6131107031006722,0.6990282118824813,0.5528631066861812,0.8794445397943542,95026.03147330297,13430.456986715559,517364.7883300691,262.77483711102144,34.56339188274111,1449.4895965404125,1.8438686269466467,6,0.5541093749999999
2,D631-7,0.38489817158946327,0.3130208700078232,0.47269633806519434,0.6953115476706111,0.5519353789443677,0.8808033574628442,688577.4317613546,218897.1373129503,1812836.6030954444,774.831340552377,242.3077952183425,2039.7909597139185,6.567750895702674,16,0.561421875
3,DDO064,0.502905527465702,0.40039863703205436,0.6284770632124871,0.6975628474811746,0.5559725520518992,0.8749266996763809,311437.74215702474,45652.503409019235,1796093.674296256,231.47983531181256,32.31945549169148,1351.8305042448128,0.670155182968918,14,0.5578750000000001
4,DDO154,0.41021717686762393,0.33262991226125405,0.5086390248118849,0.70651518313505,0.5656178271201705,0.893983064204784,23243.334174010186,18351.264049740308,31964.835944285587,20.85057193145358,15.278860468610002,30.523548958897717,10.568984104519508,12,0.5641562499999999
5,DDO161,0.3738871584346901,0.302103092196827,0.45503014844337053,0.6975687048364936,0.5604597868284259,0.8695688977765984,52846.99724972016,38656.399716396205,100248.78529465414,74.65242283541967,50.416812580347866,154.62482766738535,1.072259927490392,31,0.513
6,DDO168,0.47501568095543817,0.3784973939979223,0.592798103248519,0.6978338602984508,0.5549171354131519,0.8835739027254249,477457.19177976245,98656.00595951483,1984495.151050817,377.62500611088785,74.46775463735962,1586.047761654777,14.35232577664729,10,0.5610781249999999
7,DDO170,0.4962451605767685,0.3941057365455228,0.6238777021354864,0.705727346224428,0.5599556676932933,0.8931884770154015,16336.082765321418,14703.74458116394,18499.39394866976,13.805546189762413,10.882011478729783,17.76298521173515,3.2724419290266775,8,0.593546875
8,ESO079-G014,0.6756784192454632,0.5334042298668045,0.8334762691818759,0.7003719210686974,0.5534235022420488,0.8839221147783071,264911.090486641,162023.94496442794,1159388.9567006659,84.56466074426369,40.24848691105111,483.30218941376177,4.274121425893512,15,0.467140625
9,ESO116-G012,0.5301026529792201,0.4215054084451691,0.6584851686319831,0.6881852449590316,0.5516300534854542,0.8751860793919721,88777.63828248046,70628.9691110971,154402.66227761895,25.199105453113095,17.164550554948153,53.411518016967165,2.7902581321460733,15,0.531046875
10,ESO444-G084,0.49870216291791125,0.3940691100141743,0.6342133495213182,0.6980089072671728,0.5539139010603882,0.8843718453711887,54898.62363659382,31475.90269228171,418217.01178351557,20.17483495149506,9.913196475993388,176.86689787798235,1.3702179314125986,7,0.514640625
11,ESO563-G021,0.6693633420820299,0.5276112859424866,0.9327743156562657,0.6982029516684225,0.5660121860632278,0.8880231481124213,346089.2323855764,320545.26153027295,508444.9343808878,31.840420597756115,23.64299995827998,117.99306773504637,24.169530008596897,30,0.463546875
12,F561-1,0.645792815787158,0.48534169166680136,0.8017662652981433,0.698767050324829,0.5595708790798384,0.869907374533847,2908.9460417932705,6.589158984910817,19033.568977485484,3.9648681621292923,0.08885567229842785,276.0554473569081,1.0981173017724415,6,0.4321875
13,F563-1,0.5072874262431354,0.40392904321992834,0.6394489635933669,0.7007878003539046,0.556068005417537,0.8817282081710744,56678.18818579614,49100.38778477265,69825.64393987108,16.55159178705295,11.550229796829628,25.715013280055892,1.2426527575837185,17,0.5861093749999999
14,F563-V1,0.6106522631071133,0.4785339446444457,0.7518042153737403,0.6880529790738668,0.5499507390097298,0.8713046688725854,287.08960051820736,1.8246197250530736,4563.42480549947,9.216666798802944,0.07545912858749262,599.2381547229453,1.2343590848256054,6,0.47940625
15,F563-V2,0.5201398708763912,0.4146205260917045,0.6572446267141495,0.6948360864797795,0.5539316373423577,0.8745229068740684,254645.2219279764,83453.46982098496,2558789.8673346895,68.99354075838826,16.642303127241423,790.3683353670634,1.761928859350002,10,0.5347500000000001
16,F565-V2,0.49838402502082596,0.39480157496994783,0.6308910698000834,0.7076441728720126,0.5585112719585171,0.8847436584743544,380621.1911370759,76098.91033066562,2030868.415379405,258.6509356376864,43.93706771597762,1411.081061467559,0.6296891144380787,7,0.5309531249999999
17,F567-2,0.5370344004127737,0.42302073639282584,0.6733156127585471,0.6994645567139237,0.5571298727785481,0.8862372391333236,17692.883463111135,7704.173739890589,288359.2602618621,19.94555839437091,2.761147585382867,543.6069638968904,2.9127209396105833,5,0.466703125
18,F568-1,0.5070373473333906,0.4004732225380901,0.636856020510593,0.6971476723763621,0.5563272476522575,0.8779060999736766,264596.11317835795,111577.4745833712,1952020.604816124,67.78368342929112,21.857505661299363,581.231917743198,1.101056660998469,12,0.5134218749999999
19,F568-3,0.5611587934490918,0.4457581182872595,0.7169787141714682,0.700615767946054,0.5550662304625372,0.8752507809107161,213105.5816543005,77306.02255600458,1500579.094110353,130.33660949853842,37.119739102843454,1017.2730047133404,4.143660992774199,18,0.529015625
20,F568-V1,0.5123896059261968,0.4049787102155902,0.6450803356295729,0.7010203497357529,0.5555075344185796,0.8860591480491625,59730.58643805629,51948.53961461146,71899.2259539345,8.16720237034764,5.956753745070048,11.58384365910497,0.2577166847904568,15,0.5909375
21,F571-8,0.2702666464940321,0.22331460044440504,0.33149283894421633,0.7011953549147736,0.5531051689855051,0.8786494170421013,866599.2204606461,252298.66345098984,4351675.947128995,241.01575902044115,61.518595780008944,1263.3412237011644,10.344940371345352,13,0.52371875
22,F571-V1,0.509487440654012,0.4073786532077125,0.6457913884162918,0.7104149616206271,0.5661128710477915,0.8913618366001798,77539.85763040592,33410.22304068744,747314.491007764,60.55538870305287,16.676358053575928,711.2008926679614,0.712319533750373,7,0.49028125
23,F574-1,0.526878039679836,0.41408075455157284,0.6590057800994903,0.7006661303000237,0.5607548250283556,0.8801696512661207,43852.87636991916,38793.47850213688,52257.82199162646,12.424968416835059,9.375750249243563,17.55698124541229,2.13412849747157,14,0.580890625
24,F574-2,0.5254414739477524,0.4327922712251353,0.6333118764515577,0.6970808506555953,0.549295596224163,0.8836981449736159,37.774689092164586,0.8037143531641442,2234.7995897883397,8.601497120383746,0.04733754596637712,606.5936366549381,0.2947386969162702,5,0.49120312499999996
25,F579-V1,0.5184205513592849,0.40986952759661727,0.654794695082062,0.6984668504453653,0.5532915648974582,0.8849175396929374,44919.17009895886,40217.26124644061,49523.1073833304,4.12707512558307,3.188125051661961,5.417371706659602,0.22762201428028073,14,0.5977656250000001
26,F583-1,0.5167082643648867,0.40962210591198955,0.6613245376270674,0.703104667066354,0.5567049617794302,0.8766881613668653,55335.590062143136,37951.686617940635,145253.51084106078,31.53117599151532,19.348174336918476,95.61537357822321,1.7531571581433885,25,0.547921875
27,F583-4,0.5286381442662145,0.41703621987043243,0.6689653014317082,0.7049444166680157,0.5624922154731326,0.8831999225751662,165893.54795137933,34677.18640768395,1240771.6496494787,146.2102307139298,24.23301574486656,1146.874209864496,0.2509550160874419,12,0.5029374999999999
28,IC2574,0.3737694546900182,0.305274048502959,0.45813791027566453,0.6986608800662307,0.5563123669412984,0.8800238486960347,756617.2327558999,323101.778524729,1328515.6140784125,1358.7705959453215,579.5915857100634,2391.1803546268193,10.969799329269772,34,0.553671875
29,IC4202,0.44322223516319215,0.3768563221417115,0.51621122239661,0.5192189725433902,0.4336946489715142,0.6217859998348849,177865.3047182689,163518.44613475777,192024.2480788998,13.134884013451964,10.965278844411642,16.891814295013823,39.16173081266462,32,0.573140625
30,KK98-251,0.5076062762804847,0.3980693420577953,0.6407490334403214,0.699004960240767,0.5565632970846707,0.8677244695582039,208229.15258013035,46088.23600573732,739132.4135908954,462.4131137820776,100.17731803041303,1659.2240290408736,2.161177424667646,15,0.562890625
31,NGC0024,0.6195871465763809,0.4861548786991507,0.7914613490386935,0.7002393246951243,0.5559880036145128,0.8815845918277277,45776.66572335156,42861.93486161049,48587.07428687004,4.366150030739931,3.7755977100091602,5.196296543075142,0.9469687204412078,29,0.586125
32,NGC0055,0.4315510196471471,0.34795922668314727,0.5412857229363375,0.695342250617745,0.5561106734856811,0.8767137309314976,73858.27745403149,47298.15553125065,262749.22677225835,59.7815285279861,33.95017737274135,241.3979074690772,3.301968631831602,21,0.5356093749999999
33,NGC0100,0.4904520538364274,0.40861501250032856,0.580673072101527,0.7005203794778911,0.554863556979684,0.8848024565111038,611250.8063370319,145843.116105277,2478158.276890354,378.1938915784665,82.50434757698592,1562.1259675408255,0.8525336990455398,21,0.541390625
34,NGC0247,0.5130293728122743,0.40832196226587036,0.6491190985590491,0.7082711064071158,0.5611103575172348,0.8894341890471631,51297.05260001012,45868.16572398829,58676.757428889476,21.805743800021258,18.698920175867368,26.598501201595727,2.012347856130692,26,0.584125
35,NGC0289,0.52030988550594,0.4460860834334549,0.5994397000693177,0.6978613504567406,0.5551381046396991,0.8779640448274353,106828.68274331253,102828.47091812111,111082.297211047,20.02557163783785,15.663716840238125,26.401528063313126,2.2706093102662814,28,0.58815625
36,NGC0300,0.5334400629900099,0.42406528010358835,0.6911539928797049,0.7050835311857715,0.5594737663164661,0.8943651373346465,56886.77701900037,48604.63373398614,77948.09144997179,22.392222792280457,16.760700912509908,37.252608510695495,0.7104997549821421,25,0.5425312499999999
37,NGC0801,0.6669987582682324,0.6440275133127941,0.6889625398857967,0.6990108119708842,0.551145532186895,0.8835795833266702,838614.2244510484,326356.14529442904,1869658.1574106815,894.490779756209,302.74195684128256,2083.0940164723615,6.377944290819827,13,0.52890625
38,NGC0891,0.25728871310414203,0.2211758386097997,0.2979432672940837,0.5558213135584736,0.4565222851094312,0.6500320523382801,154652.44415331446,147336.9005753424,162233.87679915666,10.382535693073896,8.254030726345034,13.700315394637794,4.351609253797323,18,0.5726718749999999
39,NGC1003,0.5608697382470547,0.49467083336219636,0.6315247359400535,0.7049973303482325,0.5623711409592422,0.8819211279330299,63690.14235506033,59068.21212572215,69607.77382479793,38.03265274858635,31.320528144061807,46.13445375855803,2.6903209859381327,36,0.580875
40,NGC1090,0.49765805007112135,0.4155104449450378,0.5944950539308403,0.7002429228492523,0.5579776755768725,0.8953213563417032,85706.08144234252,81931.3733999352,90730.55700438227,18.65206572977852,13.816315871460384,29.641555295391004,2.8770627210838624,24,0.5218437499999999
41,NGC1705,0.5164543721324923,0.40808879969847384,0.6548017947732095,0.7070893032222151,0.562013209449036,0.8895336397441177,21478.025090891064,20478.255747485073,22529.71527478145,1.461238050877855,1.1419177191684204,1.894481214347868,0.13757315234639597,14,0.595421875
42,NGC2366,0.442777710969798,0.3548069207582077,0.5466398880710606,0.7007202034609289,0.554389080226688,0.8816743810382143,22096.772637999606,14943.943931928476,60115.64566278639,18.637500173934612,10.964655326527831,59.96243356096442,4.009993458213811,26,0.5307499999999999
43,NGC2403,0.447901937759542,0.408361941869513,0.481952066699978,0.6964558179817062,0.5465252958799088,0.8783776223443575,69413.62893824906,68512.61697230859,70397.43685231113,11.101316222803328,10.143213256123882,12.055631930874505,6.296475562706789,73,0.5963750000000001
44,NGC2683,0.499414950249833,0.4069204292719546,0.6031221038261241,0.6739151843219497,0.5337652815322045,0.835645903688299,92904.87160861607,80902.1408227874,107729.82555316521,6.893893384162984,4.765986408288817,11.195440424147627,1.0886393837818695,11,0.5869375000000001
45,NGC2841,0.9799639735373699,0.9111807559850273,1.0473073527276986,0.9848501903278769,0.9227531169000739,1.0437468908961678,294245.36876099766,283654.14876101125,307676.5692720125,41.558874444064664,34.78818516483795,49.744728426800485,1.7860956081626629,50,0.5870000000000001
46,NGC2903,0.31452240469452236,0.29403835178880355,0.33445662311067875,0.6978606977426043,0.5577708751105073,0.8868996715533316,126985.57253249722,124589.52321338575,129668.01318212367,6.781762862759188,6.134479930538397,7.539125059889155,6.740790734834132,34,0.5941093749999999
47,NGC2915,0.437658275292357,0.35378916880816785,0.5409137889559351,0.6951548965776176,0.5484888183065203,0.8769970474865905,30389.555570732336,28970.76032878663,32283.257515319125,4.719908930608825,3.718727817300899,6.1070134482139595,0.9893541825658103,30,0.5928437500000001
48,NGC2955,0.38239694657631756,0.3108547327628418,0.4592890129417916,0.7209760098516491,0.663570299557457,0.7654880866587289,220173.6256160115,174047.68854815364,554016.7943232271,40.749890616429575,20.548419174180534,186.73523181397,4.294217435480775,24,0.514609375
49,NGC2976,0.9177171248898197,0.8902216939747764,0.9413929089139862,0.7099857715530653,0.5519967097197548,0.8899204416590393,13.862276319524456,0.5744782305799984,1516.8545630804936,18.538368752075023,0.1066607551344617,628.9181301288381,0.8890912456730563,27,0.49092187499999995
50,NGC2998,0.48766466335643066,0.36852532620801404,0.640499926381062,0.6870190907262593,0.549844294416072,0.8659238946725049,143649.7014180606,134163.81416376904,156417.25839936238,17.881741001394943,11.789266143413666,33.4736176757132,3.8117467763546937,13,0.484671875
51,NGC3109,0.4721237591984971,0.3764754216784235,0.5924032944508845,0.6993415492110268,0.558071836850844,0.8869801675164802,1196019.7975235395,404055.602576877,2738182.379753552,920.4655001172558,306.5082675266301,2119.409543667817,11.847891883732812,25,0.5660156249999999
52,NGC3198,0.4742328424394366,0.4328282427755521,0.5165964695255525,0.7040146057696819,0.5561329266069341,0.8828089127016591,82903.26305668401,81532.57148221921,84365.66398636003,15.606470683564003,14.147091352126425,17.391856941144766,1.444315150156057,43,0.593015625
53,NGC3521,0.5406579421643206,0.5242876647765465,0.5541178800426245,0.6992332584475277,0.5472439176446314,0.8792442857618181,1331692.0739021522,322842.69965822005,5483640.612007903,362.9678271860578,72.67244126129211,1543.9191788338637,0.2464150444099864,41,0.49040625
54,NGC3726,0.5096617777377795,0.456996969954395,0.5563734853017115,0.6987569057321421,0.5538880424946863,0.8738609961334026,511121.8409919949,159276.35825777278,1933443.3833796268,346.5960818150407,79.58360762887837,1417.9486052191023,2.527040058034643,12,0.514984375
55,NGC3741,0.5033475092448494,0.4058408344995304,0.6216235444026149,0.6881138295689896,0.5505176465116383,0.873613314220267,31263.281813185593,21836.808184443165,72215.64863320613,31.246764994904368,20.050509744909608,80.30289055554304,0.3989159893369283,21,0.542234375
56,NGC3769,0.3954413943894928,0.3326920882805388,0.47392741088836154,0.6996827716958581,0.5524622511399457,0.8846920684549058,55393.10192200856,51147.136113475906,60647.852238675594,12.777776849915702,9.715969375099004,17.387123227219412,0.8910846377044861,12,0.597453125
57,NGC3877,0.4105726975896048,0.334179205348118,0.4976253474900659,0.7016151052510513,0.5508698213407848,0.8930478113380839,59116.14180899482,45288.3376633186,73004.0021755079,3.6969980584919875,2.357710467458837,5.563717825918366,7.511441167384922,13,0.5488437500000001
58,NGC3893,0.43762324178215556,0.3591058783108833,0.5232505424788777,0.7066859470292736,0.5630999967775043,0.8837550919737102,115315.95206205764,102786.66091571757,139281.86387381173,11.735858586116272,7.584501739762506,22.75760247025425,1.1526639711875335,10,0.554875
59,NGC3917,0.7437992496963144,0.571004752852076,0.9455265739584024,0.713940262632438,0.5646552197964263,0.9030873471652063,76818.2100091784,63818.59197595184,163202.6391853086,24.221720365927727,15.237080555088571,98.4547379919949,4.510001950258512,17,0.49298437500000003
60,NGC3949,0.4565168342047276,0.39178069823466527,0.5508769375303415,0.700373722592109,0.5552681879340374,0.8754721875990709,429738.2736667286,57380.240239381186,3537480.346608272,142.41200300685617,15.147753355746804,1101.8010183663157,1.3675803165376934,7,0.481078125
61,NGC3953,0.7867928392966285,0.5503043282016498,0.8498445610294886,0.6999689039085243,0.5591281324522616,0.8599369584285578,46680.29935168828,16.356577343617758,126512.36827880878,10.003638456532578,0.6593551591778967,369.60763719949136,6.9173818495530455,8,0.327125
62,NGC3972,0.5063326965601891,0.4059548640586364,0.6228415591041029,0.679673075236401,0.5420833896789103,0.866343905033321,289314.8050454686,112272.8685285262,2483798.1414764775,85.74170830220181,26.12097997508169,818.5295169135965,1.5712154660610544,10,0.493765625
63,NGC3992,0.5124173877741808,0.4162323556882127,0.6337663062698651,0.699128805999414,0.5615464603014193,0.8792544731311922,202392.69922779233,180641.47836300833,223136.61299488455,11.92780736976126,9.58370089798843,16.464285684033616,0.6048914062297345,9,0.581359375
64,NGC4010,0.44036841398678594,0.3643207851929506,0.5304199424213946,0.7027812993612469,0.5549146918206278,0.88184648971944,872063.2323083662,223598.53141008964,3482004.590512919,383.65044698900044,89.46510999421068,1569.0116833378447,2.7494524164316227,12,0.5477031250000001
65,NGC4013,0.572234328865426,0.5297406961723695,0.6088248577123089,0.8013721786637001,0.6382945035782297,0.9934609554840794,880085.836747021,335463.3038344803,2670942.2744731144,502.01705859611536,168.2492342366036,1586.8508656087042,0.7857542677875732,36,0.488890625
66,NGC4051,0.6709442300035832,0.5312270054193912,0.7178426718592277,0.6926757595027221,0.552621876480676,0.8723082697817393,2552.0269214069367,3.274949471510303,61478.85298980541,9.171941765424547,0.13354415485759089,446.6579400880126,2.8371222029217713,7,0.400671875
67,NGC4068,0.4965580079305375,0.3953493021391476,0.6182817872473628,0.6992739540817499,0.5588874101900556,0.8846874812342281,124203.38543607183,15129.733514847769,827110.0041733799,198.04180935846983,22.617982583029875,1333.8511847672348,3.797776656834147,6,0.558203125
68,NGC4085,0.43203153617233386,0.35647089118329206,0.5431424943062833,0.6838038065210167,0.5532780328162145,0.864792483430076,577248.6504482433,69044.27485103704,3795488.4992999015,225.95484022615713,27.334057198932502,1379.2657841959463,9.28545195301127,7,0.481328125
69,NGC4088,0.38042099905414833,0.35359102885010113,0.4072667488738255,0.7008234895534078,0.5521285283635097,0.8920612485018227,645465.150626588,171314.32312248513,2572664.8007860864,385.4920791282328,81.16120988805628,1618.6084198811188,0.5392178841473158,12,0.517078125
70,NGC4100,0.4952196319597145,0.4301503298074847,0.5669464363947084,0.6946317859493428,0.5490013264018881,0.8767835295953572,96769.28633541694,89364.97905909906,104046.51711929771,7.052651258962889,5.804373844158787,8.82885566364505,0.9494938913142841,24,0.58959375
71,NGC4138,0.5370664987775411,0.42191770490733616,0.6851641434061903,0.6861072140321612,0.5415576575665503,0.8583243547841082,78791.6390141336,60881.7492039368,110270.84874538847,4.229291823745865,1.7038018566952613,14.507683490208137,2.1406112504990245,7,0.512
72,NGC4157,0.4913302098005642,0.455751834306412,0.5204594689833374,0.6529733261252866,0.5199550284551925,0.8095061033077334,649665.1660640441,213322.94300674403,2625461.105829759,331.70673461385445,84.82687141449074,1438.5283289353042,0.4462827077909641,17,0.483359375
73,NGC4183,0.5203056108125661,0.4139985844341447,0.6534984678603828,0.6954908836749416,0.5520915076824741,0.8865416927862309,41536.54039553631,38871.414270122696,44022.12081727867,8.704225137573243,7.405270294392871,10.503358055384329,0.18636899179778682,23,0.5939218749999999
74,NGC4214,0.5165469836127675,0.4099662761334115,0.6476431069411794,0.6900659456841526,0.5504241988406102,0.8678685417427208,28236.728940363824,25209.11239138008,33717.9075792244,3.614385284855658,2.481383367258195,5.802189933877339,0.8484480722116542,14,0.583
75,NGC4217,0.6745909263287718,0.5263217836219389,0.8554244424656635,0.2706196555775727,0.2353639620754796,0.3078786398180574,215754.23107654814,142840.9646776662,1147867.8073402012,45.52638065096496,21.31622120250019,342.1635989120007,4.534899955024226,19,0.484015625
76,NGC4389,0.34017106455305457,0.30434398343742053,0.37510170915629176,0.6944114372526548,0.5553614023783423,0.8739025947718255,48.10344179698695,0.984500238508927,2998.6657634697335,13.299782215410225,0.06634485628372402,662.7589132915382,17.623069613314186,6,0.498421875
77,NGC4559,0.3962319506860693,0.33329725859942566,0.4646691716781635,0.7065045587086862,0.5599437512209781,0.8832617299323536,56599.58412748799,52753.92767155423,63960.56366779383,17.160570446791937,13.104790742006838,24.72934644067332,0.30059098050499505,32,0.5683750000000001
78,NGC5005,0.5045152037597802,0.4267139421852049,0.6094111669707063,0.5244788029512264,0.4621175209987956,0.5871923356808074,777621.7576880008,141784.19625575945,5613452.14101287,173.14691937524472,23.045224302410187,1220.543063876053,0.17534641822624145,18,0.4841875
79,NGC5033,0.34897629733357444,0.2939205704215681,0.4097176066398035,0.4315332188060683,0.3781456003108039,0.49136898534488654,163878.15782408745,158115.26692293986,169260.8843741178,9.368413359758495,8.372311427508947,10.563564268105532,3.127599756880224,22,0.591046875
80,NGC5055,0.3287737345254971,0.29506992522075737,0.35615131011076867,0.7057334262545525,0.5574967405250029,0.8843232705384602,118279.62022700316,114751.07518357303,124009.05733719504,14.886407665843121,12.28750562235525,17.847068417210025,3.1467784102938263,28,0.53603125
81,NGC5371,0.2959356696167118,0.2585445907961417,0.33432277039578423,0.6954823306249885,0.5509918122965578,0.877155814220986,146184.71615712947,132710.65815377192,159512.09382144958,6.416965422396051,5.85463696673399,6.97386319336779,5.09047410237254,19,0.5815312499999999
82,NGC5585,0.34126780497628934,0.2814490289061764,0.41486827079710464,0.7032333678283146,0.5566194258767274,0.8839518197952612,63397.67820886107,49137.440061661946,110288.26565961097,28.95228647669614,19.502695586404464,59.22467633717267,6.6413240238038425,24,0.526796875
83,NGC5907,0.8856329841920542,0.8605995966626269,0.9070428369482988,0.7078289673357259,0.5626893595292539,0.8832083995326857,935223.0540440287,393779.11179028446,2277297.0781344017,750.1592755841654,278.1491083357567,1924.9086857584841,5.960663837460803,19,0.49910937499999997
84,NGC5985,0.35814829095349837,0.299116282594155,0.42532680656003796,0.6552514904959711,0.526237048493101,0.8152021631588116,318846.8169085311,305545.11283913895,330404.3555191031,8.503887686528332,7.949909981952473,9.112395100953226,2.419173186320946,33,0.589609375
85,NGC6015,0.5334850574789257,0.4082402431907403,0.7032489295819169,0.694031319505386,0.5524095954440104,0.882783687468573,86573.68800048223,82376.40984659329,91265.94995229195,9.397153762737336,7.871456083439261,14.283971772790348,9.417894194435323,44,0.49515625
86,NGC6195,0.4170114174911353,0.3697907258469207,0.4645663681823981,0.7159097125123195,0.689188078247767,0.741983590105394,913839.2081571177,351671.17968271975,2838530.5581836635,453.4513861522483,139.8607996508303,1518.9906127857055,1.899867833224975,23,0.5176406250000001
87,NGC6503,0.4488841784146582,0.4038320633615491,0.4987995132393186,0.6985587730918822,0.5568012532342521,0.8799904979994154,51542.44755276795,50810.03614666633,52250.09584087598,8.721917639162049,7.88066234415373,9.700461811548061,1.6644009259020023,31,0.5950312499999999
88,NGC6674,1.250733495853567,1.2117523066579374,1.2836482017579502,0.7955817482604589,0.6245937043704021,1.0207953987160794,1563666.5552135461,759915.6280571667,2760629.476088787,1255.2352545264441,565.2978183973103,2286.3210147895948,1.9041944664050623,15,0.5310312500000001
89,NGC6946,0.4714155940130614,0.4228028232645451,0.5180544727777121,0.4921074691188279,0.45291678075729375,0.5318313465149087,86876.4890036337,81359.0133233509,97910.81595966152,15.936929294282558,11.562935770962692,24.886258542955005,1.7778052912193463,58,0.55040625
90,NGC7331,0.36509792353831044,0.3471902778820002,0.38236716417422834,0.5730848711395815,0.4691626790987349,0.7005271526574707,233173.01641670405,214094.5378160565,261400.76526934744,45.4077869778811,36.58218148868188,57.69331723663385,0.8236261730567153,36,0.57278125
91,NGC7793,0.6005616904980057,0.4823407435441029,0.702758707079862,0.7012165461033265,0.5522651536341407,0.8798120916425093,49433.641252170535,34379.199958582656,253811.5458233367,15.492046468864809,7.8622618481938344,138.0959652391658,0.9652464635081641,46,0.51740625
92,NGC7814,0.5238657077900771,0.41484514854548593,0.659565841885452,0.5519174242374801,0.5074064027518227,0.5965645980392844,162921.02440376344,157235.87868024182,169916.09385407198,11.50202380645532,9.210292893172921,14.843322453082095,0.4867830882302213,18,0.579703125
93,PGC51017,0.5350697052621123,0.4427394382727075,0.623410281479689,0.7098394739806214,0.563697992779851,0.8979396863292376,81.45761004268327,1.07965503697634,1548.1517028553603,1.0423700646861802,0.021086302890263853,352.4530323215148,3.582087978599002,6,0.45537500000000003
94,UGC00128,0.48074975057601754,0.3818203181951126,0.5990210717037501,0.6976721151812242,0.5585564802167672,0.8779885416339294,66325.05277981538,65207.79258327032,67308.60853552428,16.604117752772517,15.738238340227843,17.64050499600467,3.507699199033,22,0.5853593749999999
95,UGC00191,0.5658277969194194,0.44354049713694876,0.7227441819195518,0.6965194104851569,0.5533744535045793,0.8816731031303318,25947.669793532208,24563.708111346084,27789.908416473318,8.305270722402238,6.95414816473636,10.564817491836836,5.106484864739174,9,0.58909375
96,UGC00731,0.506994636233044,0.401536362143758,0.6428683741034872,0.6985904285082656,0.5561010504186867,0.8803041605553776,21294.633811847798,19864.379736259827,23177.285701710865,8.07513417203959,6.844140912858589,9.672330333039083,0.42556739195587856,12,0.597171875
97,UGC00891,0.4702373060772471,0.37726996903077276,0.5870388183209586,0.6957355088093892,0.5577947573611634,0.879600318201668,373341.43241149967,101497.80656314541,1555272.3549545265,371.611921753618,95.13465525381096,1567.0313971464518,9.166927672484693,5,0.514734375
98,UGC01230,0.5151053972372857,0.4060609096052295,0.6519298276084441,0.7000099203497143,0.5568222427600029,0.8813046227657791,43413.08991739986,39185.575496392514,47789.38126817361,8.552173134155714,6.269218900822706,11.819353234766599,1.4510608413069856,11,0.5988125
99,UGC01281,0.5000477765152274,0.49929836451273074,0.5005450951999856,0.700043140448498,0.6993636693454895,0.7007091258826427,1112.2076341423997,1111.3534519666118,1113.43108720449,1.9197457987134208,1.9181264669192188,1.9211165701886295,18.91710979305732,25,0.0
100,UGC02023,0.5586382217641487,0.4331669761395698,0.7120874718162349,0.695847395111514,0.5529825518820239,0.8764981179136411,5925.835279655178,7.275925067207,264001.31762463297,49.751968380585545,0.5816776519534965,823.486085223412,9.70391422202628,5,0.47068750000000004
101,UGC02259,0.5012228773036785,0.4003021970761077,0.6253914709613573,0.6992306235576683,0.5565971123072837,0.8838984528306799,28995.808900441698,27666.620813565238,30370.771533180803,3.7775154903227595,3.25656638821546,4.425212747297542,1.0639003937710731,8,0.5934999999999999
102,UGC02455,0.24137256638698967,0.209571733438161,0.2781332917038335,0.6967140773286253,0.5526407169116627,0.8797008322584966,18.686257513125128,0.6364404499788587,1113.9756113967037,19.208650852004666,0.08493857068191615,699.1257827145308,12.63095221370591,8,0.50078125
103,UGC02487,0.5750322745316692,0.45014723030850456,0.7485320113503611,0.726637560826611,0.5810813516236917,0.9050303419101531,418124.7932793987,375140.3412901907,456816.2156716485,15.53130575916851,12.67629779306189,20.556662169015695,5.629242960715941,17,0.5579999999999999
104,UGC02885,0.5729773858405287,0.45481952476059373,0.7119869907046054,0.869415677868026,0.7700649162021659,1.0001826396751157,354925.86840015615,316379.736537062,481674.86717833387,81.891649283675,54.338133999179824,164.44381277670857,1.3528994664066933,19,0.5117343750000001
105,UGC02916,0.6745267687211955,0.5222833539466396,0.8593656825269925,0.32041177711093355,0.2811084378943878,0.35984492456364614,127988.08033986445,115127.71441547204,139268.8835549504,7.048087171097213,5.94056898191057,8.43550331166296,14.54769800545348,43,0.5276875000000001
106,UGC02953,0.6947581576764629,0.6726507595299499,0.7139921244680324,0.52684879706225,0.4964555439929635,0.5579899546554656,234213.32156135244,231320.83204810027,237778.36437736818,26.98576650863089,24.14779581270035,30.27522447193311,6.944231102920278,115,0.5884218750000001
107,UGC03205,0.34256887645796263,0.2640043072667262,0.49398298189820095,0.940054942441225,0.663603960767778,1.2425797337272921,156794.67970287934,141799.57877695197,174101.03687791762,8.249141751407361,6.085526228293077,15.96527527871726,3.6673596699108284,48,0.47381249999999997
108,UGC03546,0.44134979081238584,0.3690986597748646,0.5226187899356036,0.4354492689516958,0.40293884129272434,0.4677628739013251,123481.71345137568,118456.66073790553,128703.4419325879,12.396432872560824,9.980122142625401,15.932578262412843,0.8953152917102902,30,0.5595
109,UGC03580,0.38041511389155064,0.33916527821914483,0.4293867036160345,0.2133960763600157,0.18611993033941776,0.24247061153695684,73292.82059060698,69007.16937951383,80182.50367437306,25.457493842458646,22.114658031342977,30.891368532275226,2.780531630830382,47,0.523203125
110,UGC04278,0.40414542579393764,0.3285421930575406,0.4885332682927681,0.6983450932113326,0.5537524169110908,0.8771031346974413,1703869.9913597158,562213.6697189991,3859459.172628422,944.0835710863622,307.0508342726893,2123.1920881968676,1.29962121316828,25,0.56165625
111,UGC04305,0.6582754592346084,0.5958722583425307,0.7171004194017083,0.698685529253899,0.5608943166017398,0.8802476127513501,15.400738166391278,0.6160949217818255,380.9640145502139,10.429535260330429,0.08364416455089228,638.9118259736471,2.1295496140819763,22,0.50165625
112,UGC04325,0.5375306724919144,0.4237963401518386,0.6790038741490844,0.6987224831811107,0.554543171318592,0.8819569639720544,31375.53955760321,29044.09538926694,34366.86652370366,3.1543413774557987,2.457783916914216,4.0994277448705585,5.087348998384779,8,0.5959531250000001
113,UGC04483,0.5124631081104107,0.40857159871046267,0.6372470459952145,0.6962092606252477,0.5568949513468556,0.8790207943482627,34544.195854590944,3765.0293517794566,613847.8114744101,43.53812084160597,3.670015162222779,801.3977178547791,1.1679822338148922,8,0.49865625
114,UGC04499,0.5035268996534871,0.39748848569144296,0.6322556304699293,0.698802753067442,0.5569116208298747,0.8846041489067454,27873.2933695277,21983.035666567077,49628.15180896846,14.69486978066973,9.41703222543778,33.530595818695495,1.4703809903517215,9,0.533484375
115,UGC05005,0.5033217162771391,0.40254431553712805,0.6282040068295935,0.6939004884934437,0.5573035729207105,0.8670621230962802,212617.57346606464,68475.292393815,988757.5140891153,266.4187688321772,70.20551360929878,1342.8444979411206,0.31873824469480555,11,0.5461875
116,UGC05253,0.2892457767122205,0.2459080875890852,0.3350108945430015,0.6444404212109921,0.635991577662277,0.6527831221399469,226976.26840728227,219996.34092158568,234462.40843936382,21.40413628597211,19.066171211957997,24.388828270897797,4.445247804808705,73,0.5870625
117,UGC05414,0.46730047503389355,0.37527435617601645,0.5760124561521891,0.6943875364700081,0.5519109460646807,0.8803664840922423,435767.2083171477,85517.32463723785,1891885.274343686,349.60835442165643,65.9719884362193,1529.518481646495,2.0278905922709676,6,0.5541875
118,UGC05716,0.48091855416805457,0.3869421066299321,0.5984358760924935,0.7029498310847279,0.5622220447539075,0.8795792925349202,22125.535585200076,21364.287538409102,23140.735246222735,8.878981678425609,8.11240372336849,9.840651305344599,2.156861802605491,12,0.59634375
119,UGC05721,0.463194780049611,0.3725287976780226,0.5711309863237789,0.709462502374583,0.5700282298906537,0.8853781947726768,26227.466218256577,25170.852221879082,27394.82486425177,2.452352254385227,2.0774977512825066,2.9096839099887717,1.0539252733983993,23,0.594671875
120,UGC05750,0.5348663983805406,0.42422426941768143,0.6848856031803738,0.7012629675448734,0.5587032190681261,0.8779705699098262,157848.72779973043,36970.882331283945,869051.1725119188,216.9194934991103,43.338171958591765,1254.752171338616,1.3443066967430501,11,0.5529531249999999
121,UGC05764,0.4986940268945534,0.3975565333945582,0.6290336867646938,0.7056576718583866,0.5539723381009622,0.8961628508403692,13588.057708725602,12324.97735849326,15524.930039938,2.7333704417762403,2.135671848856517,3.625952053526388,8.852484267206963,10,0.573265625
122,UGC05829,0.5061892299328302,0.4005111127122966,0.6351955888366579,0.6967060819155985,0.5512437183797928,0.8787194503090159,217284.36386358272,40374.87822318084,1201186.2885867541,226.1782879056907,36.376224959026544,1277.947220212234,0.11404354347956742,11,0.5425625000000001
123,UGC05918,0.5044570805067184,0.3968819547722079,0.641853696840999,0.690767661835689,0.5554845218963215,0.8739387033963141,17145.401033746864,8420.477688620707,198071.1951002204,15.373885008262954,5.250297220435613,224.37447093186148,0.38959888532909265,8,0.499953125
124,UGC05986,0.6896286704054533,0.5419942455463626,0.8634517698292004,0.7052791645336667,0.5561285850521639,0.895958019015775,104672.22250247153,75129.16676716092,305862.0052476587,25.636420597235478,15.004127851570486,101.03015892236903,6.542193746063049,15,0.494578125
125,UGC05999,0.5029879758342378,0.4016763222485198,0.6292736562923373,0.6980016950573792,0.5546477762463262,0.8746806264334537,116128.49614837964,44261.68475016608,1040611.1149230725,90.1326208340095,22.132718634808032,948.7896881194164,7.653788325543787,5,0.48421875000000003
126,UGC06399,0.5333475224594015,0.4254720907184965,0.6706623961407872,0.6972428605483131,0.5587218162780783,0.882718860218157,148546.36056084748,52533.90906831035,1462852.7669704156,73.44827373089582,20.493157697567987,801.9867339614939,1.0680251855422072,9,0.5040781249999999
127,UGC06446,0.5089561964080256,0.4009270071058798,0.6444858660038831,0.6990800010859259,0.5584504865404275,0.880997116720863,26873.977370478187,25123.37929159338,29119.483049917355,5.464724606706793,4.503100471530814,6.768094965557243,0.24759637930735184,17,0.596921875
128,UGC06614,0.4830012667260011,0.39128145750294197,0.5992259300884014,0.5679163955566576,0.5044932721376523,0.6339971859766955,444436.4076411509,227323.66695268036,1683723.4554289817,235.49159213694628,94.79981326869465,1064.0210320125693,0.476029413245794,13,0.543984375
129,UGC06628,0.5632356772870709,0.46312171176027733,0.6717507563651925,0.6981423473299101,0.554126379847699,0.8632436279240401,122.02234611101142,1.1752352719316996,3935.8100956623575,1.583839328438145,0.03666827803478169,327.1345002685166,1.0116166373041084,7,0.482125
130,UGC06667,0.5034830035330584,0.3972789675422093,0.6302311022467934,0.6909549986358828,0.555264529606789,0.8733011973104498,66155.18928490205,45712.94091579719,172898.08701967803,24.54119934473235,14.614370094499398,75.41020975098753,1.8870062821105857,9,0.522484375
131,UGC06786,0.34374040117325605,0.29094476413285597,0.405507171990297,0.6371387464069729,0.5762376523337768,0.7013763480517696,200966.25266720346,198029.89822661443,203941.13683450499,11.711833530728311,10.559709476448493,13.097562988687343,0.73359485990535,45,0.5805781250000001
132,UGC06787,0.8331171290882932,0.6877261912237637,0.9619992265252828,0.6098159589547558,0.5934682918409038,0.6274359489881388,286993.5377266271,264730.26721614884,329146.02722547064,39.99813366733288,30.018627226920096,55.83752047374033,29.948810642247757,71,0.517578125
133,UGC06818,0.426643321167347,0.3405370857635153,0.5268844879285713,0.7031548985260856,0.5616323343287772,0.881537218387398,520308.6364896341,110150.85100481506,1855436.054179652,454.9825754737584,93.00744108495476,1626.3255021716122,4.890201529610163,8,0.5664218750000001
134,UGC06917,0.5095001598151427,0.4021792335252827,0.6458043772275559,0.695005681640541,0.5550162642435328,0.8719755788121875,61023.42313848496,48899.704185772665,95138.46902504301,17.72241028080125,11.809123667075708,35.407780639956805,1.044255114254883,11,0.549328125
135,UGC06923,0.47650406474736173,0.3852850487781082,0.590835861442949,0.6941394254077757,0.5542024133977461,0.8738532029322218,260271.3388739213,42957.123231392485,2004662.0977032464,134.73990252236575,17.215454477486713,1074.272516015089,1.9072220483502003,6,0.518421875
136,UGC06930,0.5213713344676667,0.41019755172518474,0.6637366049271992,0.694142098943849,0.5587154021210107,0.8669119620669172,40808.11890457556,36511.13312075067,48055.62348260123,10.240740562456972,7.1143957851054624,16.18325535626233,0.3755247349717859,10,0.5742968749999999
137,UGC06973,0.21451498591630605,0.1917560619408569,0.23983038639446613,0.5139062571918863,0.42665358850932056,0.6160574812740686,2520581.542358544,568817.3997126984,9989223.46530504,413.6890260876646,86.00913013394438,1666.7803491699274,5.998877710927864,9,0.53928125
138,UGC06983,0.5123801279954376,0.40787206369833895,0.6441717389347024,0.7023251438647725,0.5528237888463008,0.8875289315710722,45447.37056273184,42566.45813183204,49022.063878209156,7.702053807492828,6.24060007172422,9.898598436368372,0.7177550886185814,17,0.592703125
139,UGC07089,0.46546575492975906,0.37665929183457475,0.5686058050886816,0.6961330779513881,0.5512348359756563,0.8720133118176208,461525.14213580143,103042.01621925327,1619718.5422763037,482.5924541791197,102.90711529013633,1725.6759216134594,0.3196240912218339,12,0.555734375
140,UGC07125,0.4987080623761212,0.39798398358335085,0.6297849362780609,0.7006569811749214,0.5592417955928446,0.8797241949405096,13210.730243201897,11920.032862078078,15168.021645008539,14.027464423100836,10.481283526061711,19.915745195943696,1.0445281377686877,13,0.588640625
141,UGC07151,0.6121820666741881,0.4740811112354788,0.8106519873772462,0.7038839759189446,0.5552165719275662,0.8884417690098027,19592.25689365391,16412.124493806776,27630.951687038803,5.987631007788575,3.838537864525291,12.60453718407976,3.675395805083788,11,0.538296875
142,UGC07261,0.5109915323439979,0.40589584822829744,0.6476577009059409,0.6965451128197397,0.5528572264504794,0.8827765173074221,21692.8379370027,17927.475652977635,33013.74087356357,5.363755050113588,3.175842257587717,12.94649465047737,0.13429626703831898,7,0.559546875
143,UGC07323,0.46470049920933626,0.3751485235814171,0.5760054893914981,0.6942392592909038,0.5558040946841483,0.8717096442710058,806797.7341978836,184385.574393684,2686222.2800011635,513.0485581006951,115.82434263689896,1733.6155918287584,0.9034241858983685,10,0.5586875
144,UGC07399,0.49358467737876993,0.3939794142647832,0.6184175397064686,0.6896969745122492,0.5498719435591618,0.8703310359151338,49237.08036097717,44857.64431716992,55186.41025508692,5.536324935807387,4.482699839053963,7.046096738193708,1.3664432351766003,10,0.5952968750000001
145,UGC07524,0.4820391362096772,0.3834406915601073,0.6038020201444679,0.6993349648601174,0.5582450249973675,0.8782656869960868,37168.21998119214,32091.190614128587,44764.8086620131,21.296162761515447,16.990045536496595,27.916345830336148,0.8698731203881939,31,0.59096875
146,UGC07559,0.491115839979722,0.39001674905213196,0.6188646952302854,0.7007087341970611,0.5574285310018271,0.8845950475300132,83961.15183922002,10024.263313114205,598315.6390708452,159.75873336723518,16.958033411606305,1188.5234174633256,0.7390409155853302,7,0.55259375
147,UGC07577,0.5629100172456099,0.45252400213925753,0.6862039164214786,0.706309944729294,0.5550196386909996,0.8912766944589453,82.7289934169622,1.1490969529879633,6175.211997345128,21.134091590177572,0.1616595174895758,704.4488920768047,0.7909287245151777,9,0.47884375
148,UGC07603,0.5060606263843781,0.3995381715331548,0.6362921425175084,0.6915453660975869,0.5514372078279053,0.8735198596650827,28054.525659122377,21133.648985827745,64488.500733537265,9.077810965638072,5.60531822813256,27.427649402997606,1.9015662650132663,12,0.5196406250000001
149,UGC07608,0.49987474534136545,0.39675549847815483,0.6266224298931962,0.6946918966867209,0.5559495780725418,0.8720518068991572,348340.882268063,59599.423503303056,2216750.116541692,195.2985467205129,29.14330051257672,1248.7975002976286,0.6718435526197459,8,0.549859375
150,UGC07690,0.5399883344942016,0.4223668079298515,0.6870333912295462,0.6918322601125162,0.5541428495076176,0.8666615103921438,10582.37088698842,9107.574596929133,12236.54049514347,1.5106071301175055,0.90342953265048,2.9832332029211663,0.6224185086001374,7,0.5722656249999999
151,UGC07866,0.5008567107826367,0.40309247485975014,0.6346804164672997,0.7000271847629638,0.5531950715345443,0.8876132883667773,40644.24942113111,5029.3489538210015,575995.8953324514,61.564115144079864,5.610943434495,925.2944638540675,0.11685218218607336,7,0.534390625
152,UGC08286,0.5039944635856458,0.40172600412261794,0.6382602761401435,0.7064560850911238,0.5595894771692348,0.88658284577627,27757.577752834863,26854.968960424758,28702.986037618197,4.428498243927942,3.93127139825408,5.117884901597549,3.0121503496500495,17,0.59365625
153,UGC08490,0.5014392924153034,0.400853884743819,0.6236470563106432,0.7089824971167069,0.5608853499171785,0.8964923328655071,25101.28337416879,24431.18420194433,25744.65366815348,3.1792799978594934,2.8366358962163996,3.5957391079850023,0.1211861746537628,30,0.5943437500000001
154,UGC08550,0.5366073454528846,0.42503345628089834,0.6797576201391516,0.6852188652703544,0.5508969270276594,0.8676294170845158,13755.996089951142,12681.792175539851,15628.623394726812,4.383303128756512,3.4220767458475256,5.898724882339914,0.956104687799119,11,0.587375
155,UGC08699,0.8069368234045853,0.6681897846616625,0.9576714194803781,0.6664491935390885,0.6233569764554193,0.7070403957928396,126019.32188033679,111228.76610081954,173890.2193219431,26.991755162448012,17.673034977832362,54.54889083769868,0.6927598880990945,41,0.49628125
156,UGC08837,0.4800836980392218,0.3813352134425681,0.6056218129947663,0.7023222357815596,0.5597767705271568,0.884025146279522,127244.29420299984,22687.866493371934,583362.7783904442,306.90752564417244,55.18460399146767,1426.0439994623293,6.452463841893319,8,0.560640625
157,UGC09037,0.32571786705925726,0.2764116142977407,0.3704659406051361,0.6994501313731678,0.551635450747775,0.8815018371273654,223875.92652325446,131992.59411820013,961999.588649051,114.3849487242986,53.23033897854517,595.6760904014378,2.9961139611237346,22,0.504828125
158,UGC09133,0.6160039075432149,0.5616704247424703,0.6703641312318851,0.5696771239031735,0.5525910937833088,0.5850758100708244,188058.86495287513,182233.94337482582,194543.71710184932,23.938750820188652,21.303890519992944,27.078510476251584,9.667696265589825,68,0.5854375
159,UGC09992,0.5366425307160986,0.4204034784677587,0.6804947240754943,0.6952131357589532,0.550442907801359,0.8934079928759019,4365.464756284225,2304.679989307923,38212.1550508347,1.3381936201131313,0.09376353124052632,120.6610873652891,3.1525815168415954,5,0.46564062500000003
160,UGC10310,0.5347808473234363,0.42133064804706427,0.6784081256158816,0.6888740078078909,0.5477771645756259,0.8763755542473434,21943.37115169172,17117.07930145138,44466.28086904377,8.736365445834487,4.717582820080457,26.643791836638766,0.9567655753816925,7,0.541046875
161,UGC11455,0.5641534872848188,0.5312663228760643,0.5851401501329004,0.7041802273792994,0.5609772887225113,0.8772697606153185,1085809.3368538404,399707.62092226144,3794744.091580945,425.46928993175874,116.94080288582859,1623.1904361040263,5.365702716356786,36,0.46982812500000004
162,UGC11557,0.5153550785052154,0.391881470020661,0.6085199708810616,0.7066966290519701,0.5570535216524671,0.8922059925014211,16694.146845107916,6.121870548167751,353480.03911591735,128.66020426846376,0.7939150800976009,1125.498452308979,2.3588524962437414,12,0.43720312499999997
163,UGC11820,0.583982616062838,0.4567239866456145,0.7431709314570099,0.6994092851086666,0.5552984311273084,0.8811830306794659,35357.38319277268,31474.696852288267,41270.35844235711,26.518335048879493,21.423089457291727,34.332359031318006,1.6272728579784292,10,0.5858749999999999
164,UGC11914,0.4528477354565046,0.40830436513748497,0.4967530534032007,0.9864352550736575,0.9705758742985584,1.002300389632348,4743597.280734276,1017566.8356608312,16192592.101228412,531.5176473605871,103.54847318573951,1835.9365826087885,1.0673811981602899,65,0.50140625
165,UGC12506,0.4756544946348711,0.38572758531703283,0.5833766998525848,0.7026454970316591,0.5577781323675498,0.8819076576596918,209585.0737030547,196485.83859793024,221290.8815403682,10.283077632264307,9.149161942452425,11.605095141395351,0.17492054013753708,31,0.592625
166,UGC12632,0.5205875909333848,0.4090989900336853,0.6582152459911934,0.6950673849521304,0.5521663959112226,0.8777195018475032,20522.492311551592,18993.877943185536,22612.095319217264,8.535090685790964,6.924397968445307,10.642532419029205,0.4001334066827408,15,0.59521875
167,UGC12732,0.5137699234958635,0.4058194110793315,0.6493443758997982,0.7058461144192019,0.56263668445414,0.8817618444973636,35177.83303345982,32301.86696739921,39042.71859030716,14.481683040073522,11.836218544503824,18.051538158479374,0.24276985384498037,16,0.59375
168,UGCA281,0.5343885743386114,0.42577241606846933,0.6675051674469573,0.701412433498036,0.5543768026570355,0.8858449212019067,126421.40407824903,12523.861992725857,1313840.6701844262,97.87536720926306,8.862239256361473,1034.1322157532102,0.9059655178642579,7,0.5404375
169,UGCA442,0.5128739868837572,0.4027520128201941,0.6500610999103987,0.7014074954436396,0.5587977530984235,0.882753658203333,47194.55961465714,25279.520798329475,386467.26442906435,41.15099391192268,18.56801037352305,380.88612834533393,3.70211295732647,8,0.47496875
170,UGCA444,0.5017329953066227,0.3994199993138986,0.6310383705007494,0.6986248495548659,0.5552051471870731,0.8803617859288065,220067.2297120338,36552.26383654477,1177734.8258358317,263.0676642208261,42.042241519399035,1413.6358446827073,0.06443002672045717,36,0.5510312500000001
